titulo,url_cart
Submarino,submarino.com.br/produto/|submarino.com.br/categoria/|submarino.com.br/landingpage/
Americanas,americanas.com.br/produto/|americanas.com.br/categoria/|americanas.com.br/landingpage/
Walmart,www2.walmart.com.br/checkout/
"Giuliana Flores",giulianaflores.com.br/basket.aspx
Sépha,www.sepha.com.br/carrinho/?ref=CarrinhoSuspenso
"Cestas Michelli",cestasmichelli.com.br/basket.aspx
"Nova Flor",novaflor.com.br/basket.aspx
Ingresso.com,
"Safari Shop",safarishop-cart.obabox.com.br/Cart/Index
"Print Loja",
Groupon,groupon.com.br/deals
ShopFato,shopfato.com.br/checkout/#/cart
Dafiti,
Sephora,
Ibis,
Polishop,polishop.com.br/checkout
Mercure,
Novotel,
"Accor Hotéis",secure.accorhotels.com/store/index.html
ViajaNet,viajanet.com.br/shop/checkout
GetNinjas,
Kanui,
"Peixe Urbano",https://carrinho.peixeurbano.com.br/comprar/
UOL,
Be2,
CVC,cvc.com.br/passagens-aereas/checkout|cvc.com.br/hoteis/compra|cvc.com.br/monte-sua-viagem/compra|cvc.com.br/monte-sua-viagem/resultado
"Di Santinni",disantinni.com.br/carrinho/carrinho.aspx
"Hotel Urbano",secure.hotelurbano.com/cart
Carrefour,carrefour.com.br/carrinho|carrefour.com.br/finalizar-compra
Mobly,secure.mobly.com.br/cart/
TAP,
Condor,condor.com/tca/pt/flight/result
Netshoes,netshoes.com.br/cart
Coquelux,
"Emprego Certo",
Otel,
Edreams,edreams.com.br/travel/secure|secure.booking.com|edreams.com/travel/secure
Hinode,hinodeonline.com.br/checkout/
Saraiva,saraiva.com.br/checkout
"Mega Mamute",megamamute.com.br/checkout
Bob's,
Westwing,
Tricae,
"Balão da Informática",www.balaodainformatica.com.br/Comprar/?passo=carrinho
Polario,
StrawberryNET,br.strawberrynet.com/shopcart.aspx
"Editora Abril","assine.abril.com.br/portal/carrinho|assine.abril.com.br/portal/pagamento | assine.abril.com.br/portal/entrega "
PetiteBox,petitebox.com.br/checkout/
UseHuck,
Marcyn,marcyn.com.br/checkout
"Pet Love",www.petlove.com.br/carrinho#/resumo
eDestinos,secure.edestinos.com.br
CarSystem,
Oppa,secure.oppa.com.br/checkout/
Posthaus,posthaus.com.br/pedido/sacola
"Porto Seguro",
HEAPUP,
Dell,dell.com/pt-br/cart/allcarts
Girafa,girafa.com.br/checkout
Shoptime,shoptime.com.br/produto/|shoptime.com.br/categoria/|shoptime.com.br/landingpage/
Extra,carrinho.extra.com.br
"Casas Bahia",carrinho.casasbahia.com.br
"Ponto Frio",carrinho.pontofrio.com.br
ZocPrint,
Farfetch,farfetch.com/br/checkout/basket.aspx
Camiseteria,
Marisa,novo.marisa.com.br/carrinho/pagamento
"Lojas MM",http://www.lojasmm.com/basket/index.aspx
Nextel,
eÓtica,eotica.com.br/checkout/
Olook,http://cart.olook.com.br/ckout/
"Ri Happy",rihappy.com.br/checkout
EasyQuarto,
Wine,wine.com.br/checkout.ep
"Bebê Store",bebestore.com.br/compras
"Clube dos Vinhos",
"Sub Viagens",submarinoviagens.com.br/travel/finalizar-compra
"UZ Games",uzgames.com.br/carrinho/
"Época Cosméticos",epocacosmeticos.com.br/checkout
"Apple Store",www.apple.com/br/shop/bag
Shoestock,shoestock.com.br/cart|shoestock.com.br/checkout
ByTennis,
"Ricardo Eletro",ricardoeletro.com.br/Carrinho|carrinho.ricardoeletro.com.br
"Amo Muito",
"Toy Mania",
Q!Bazar,
Fiveblu,
Reserva,
Gol,
Azul,viajemais.voeazul.com.br/Passenger.aspx
Avianca,wftc1.e-travel.com
Trip,
Decolar.com,decolar.com/checkout/|decolar.com/book/|decolar.com/cars/book/checkout/|decolar.com/atracoes-turisticas/cart|decolar.com/ds/book/cart/checkout/|decolar.com/ds/book/insurance/checkout/|decolar.com/ds/book/transfer/checkout/|decolar.com/buses/checkout|cruze
eFácil,
"Magazine Luiza",clube.magazineluiza.com.br/compra/cesta/
"Light in the Box",lightinthebox.com/pt/index.php?main_page=shopping_cart
Ecid,ecid.com.br/carrinho/
Natue,www.natue.com.br/checkout/
"Dafiti Sports",
Logitravel,
"Mini in the box",miniinthebox.com/index.php?main_page=shopping_cart
Amazon,www.amazon.com.br/gp/cart/view.html/ref=nav_cart
"Corpo Perfeito",lojacorpoperfeito.com.br/compra/carrinho.aspx
"City Lar",
"Central Fit",centralfit.com.br/checkout/
"Casa e Video",casaevideo.com.br/checkout
Consul,loja.consul.com.br/checkout
"Cissa Magazine",www.cissamagazine.com.br/checkout/cart
Centauro,centauro.com.br/checkouts/
"Lojas Colombo",colombo.com.br/a#cesta
Cipela,
Cabeleza,cabeleza.com.br/checkout/
Brastemp,loja.brastemp.com.br/checkout
"Net Combo",
"Barceló Hotels",
Booking,
Baby,baby.com.br/carrinho-compras
Alitalia,
Avira,shop.avira.com
"American Airlines",
"Anita Online",checkout.anita.com.br
E-lens,checkout.e-lens.com.br
Etna,etna.com.br/etna/carrinho
e-curso,
Dufry,dutyfreedufry.com.br/checkout/cart/
"Doce Beleza",www.docebeleza.com.br/basket.aspx
Hoteis.com,hoteis.com/bookingInitialise.do
Hering,hering.com.br/store/pt/cart
"Fast Shop",fastshop.com.br/webapp/wcs/stores/servlet/AjaxOrderItemDisplayView﻿|fastshop.com.br/webapp/wcs/stores/servlet/OrderShippingBillingView
Kalunga,
Kabum,kabum.com.br/cgi-local/site/carrinho/
Joga10,
Insinuante,www.insinuante.com.br/Carrinho
iFood,
Imaginarium,loja.imaginarium.com.br/checkout
Klin,klin.com.br/checkout/
L'Occitane,br.loccitane.com/ecombag.aspx
LePostiche,lepostiche.com.br/cart
"Lojas Renner",lojasrenner.com.br/minha-sacola﻿|lojasrenner.com.br/checkout
"Livraria Cultura",livrariacultura.com.br/pages/carrinho
Lenovo,lenovo.com/br/pt/cart
"Livraria da Travessa",travessa.com.br/wpgCarrinhoLista.aspx
Privalia,
Print4me,
Netflix,
Netfarma,netfarma.com.br/checkout
Boticário,boticario.com.br/checkout
"Onofre Agora",www.onofreagora.com.br/eletro/carrinho.asp|www.onofreagora.com.br/esportes/pagamento.asp
"Drogaria Onofre",onofre.com.br/carrinho﻿
"Oscar Calçados",checkout.oscarcalcados.com.br/
Passarela,passarela.com.br/cart
"Pão de Açucar Delivery",
PBKids,pbkids.com.br/checkout/
Glamour,
"Shop dos Cabelos",shopdoscabelos.com.br/checkout
Shoptimao,shoptimao.com.br/cart|shoptimao.com.br/checkout
"Clube do Ricardo",clubedoricardo.com.br/Carrinho
"Specialità Lingerie",
Satina,satina.com.br/checkout/cart/
Sonoma,sonoma.com.br/carrinho
"Sou Barato",sacola.soubarato.com.br
MegaTNT,
"Ploft Kids",
taQi,taqi.com.br/carrinho
"Tok Stok",tokstok.com.br/checkout#/cart
"Valor Econômico",
Wishoes,
Webfones,buscape.com.br/meu-carrinho
Tim,
"Compra Certa",loja.compracerta.com.br/checkout
Gazin,gazinshop.com.br/comprar/carrinho.php
KitchenAid,kitchenaid.com.br/checkout/
"Estrela 10",estrela10.com.br/carrinho
"Eletro Shopping",
"Camisaria Colombo",camisariacolombo.com.br/checkout
Olympus,
"Loja Vivo",
"Acqua Perfumes",
"Km de Vantagens",
Dzarm,dzarm.com.br/store/pt/cart
"Farma Delivery",www.farmadelivery.com.br/checkout/cart/
"Droga Raia",drogaraia.com.br/checkout/
"Microsoft Store",microsoft.com/pt-br/store/buy/cart|microsoft.com/pt-br/store/buy?route=cart
"Portal Educação",
Schutz,schutz.com.br/store/cart
AMARO,amaro.com/checkout
iba,
"Mondial Travel",cotacao.mondialtravel.com.br/Passageiros
Hotelopia,
Sommer,
Colcci,
OculosWorld,oculosworld.com.br/cart
Tmart,secure.tmart.com/users/cart
"Body Building",
"Livraria Martins Fontes",martinsfontespaulista.com.br/basket/index.aspx
TVZ,tvz.com.br/checkout
Rabixo,
SexToy,
Puket,cart.puket.com.br/
Puc,puc.com.br/store/pt/login/checkout
"Super Muffato",supermuffato.com.br/checkout
Netbabys,
"Abra Cadabra",abracadabra.com.br/site/sacola.cfm
Accessorize,
Adidas,
"Agora Saúde",
"Água de Cheiro",
"Alex Shoes",
"All Bags",allbags.com.br/checkout
"Authentic Feet",www.authenticfeet.com.br/checkout#/cart
"Alugue Temporada",
"American Eagle",
Antix,
"Any Any",
AOC,carrinho.aocloja.com.br/
"Assist-Med Brasil",
Babyou,
Bagaggio,www.bagaggio.com.br/basket/index.aspx
Barateiro,carrinho.barateiro.com.br
"Boa Coisa",boacoisa.com.br/checkout#/cart
Bobstore,mariavalentina.com.br/basket/
Bololô,bololo.com.br/checkout/
Bonprix,bonprix.com.br/cart.htm
Camicado,camicado.com.br/checkout
Cantão,www.cantao.com.br/
Caos,www.lojacaos.com.br/checkout
Capodarte,www.capodarte.com.br/checkout/#/cart
C&A,
Cavalera,cavalera.com.br/checkout/
"Central Ar",centralar.com.br/loja/CestadeCompra.php
"Cerveja Store",http://www.cervejastore.com.br/meu-carrinho/
"Clube do Malte",checkout.clubedomalte.com.br/
Cobasi,cobasi.com.br/checkout/#/cart
"Clicou Comprou",
ContaAzul,
Tanlup,
"Corpo Ideal",corpoidealsuplementos.com.br/compra/carrinho
Decathlon,
Datelli,
"Deal Extreme",cart.dx.com|dx.com/cart
DHgate,
Dinda,dinda.com.br/pedidos/sacola
"Dress to",
Doural,doural.com.br/checkout/
eClock,eclock.com.br/checkout/cart/
"Editora Foco",editorafoco.com.br/meu-carrinho
Ellus,store.ellus.com/carrinho
Enjoei,
Farm,farmrio.com.br/checkout
"Esporte Interativo Plus",
"Estante Virtual",
Expedia,expedia.com.br/FlightCheckout|expedia.com.br/HotelCheckout|expedia.com.br/PackageCheckout|expedia.com.br/CarCheckout|expedia.com.br/LXCheckout|expedia.com.br/MultiItemCheckout
FastGames,www.fastgames.com.br/checkout/
Feelunique,eu.feelunique.com/shop/basket
"Francisca Joias",franciscajoias.com.br/checkout
"Gilimoto Designs",
Glambox,glambox.com.br/assinatura/assinar/
"Hope Lingerie",hopelingerie.com.br/basket
"Hopi Hari",
HP,carrinho.lojahp.com.br
Humanitarian,
iTunes,
Jogê,
"Jóias Vip",
Kallan,
"Lojas Rede",www.lojasrede.com.br/checkout/#/cart
Lufthansa,book.lufthansa.com/
"Lulean Jóias",joiaslulean.com.br/checkout/
MadeiraMadeira,madeiramadeira.com.br/carrinho
"Magazine 25",magazine25.com.br/carrinho
"Mala Pronta",
Malwee,cart.malwee.com.br/cart/products
"Meu Espelho",
Milano,milano.com.br/checkout/
Melissa,
"Mercado Livre",
MMartan,mmartan.com.br/checkout
MultiStock,
"Mundi ",
"Óculos Shop",oculosshop.com.br/checkout/
"Óculos Web",
OQVestir,oqvestir.com.br/sacola/meusprodutos
"Paquetá Esportes",paquetaesportes.com.br/checkout
Panvel,
Outback,
Osklen,osklen.com.br/checkout
Phooto!,phooto.com.br/carrinho-de-compras/
"Premier Cosméticos",
Redley,www.redley.com.br/
Richards,richards.com.br/carrinho|richards.com.br/secure/pedido
Rudge,
"Saldão da Informática",saldaodainformatica.com.br/checkout/
"Salinas ",salinas-rio.com.br/carrinho
"Sandro Moscoloni",sandromoscoloni.com.br/basket/
Shopluxo,shopluxo.com.br/checkout/
ShopFisio,www.shopfisio.com.br/carrinho
"Site dos Pés",sitedospes.com.br/checkout/
"Só Suplementos",sosuplementos.com.br/checkout/
Taco,taco.com.br/checkout
"Tickets for Fun",
"The Beauty Box",thebeautybox.com.br/checkout
"The North Face",thenorthface.com.br/checkout/
Trifil,
TNG,tng.com.br/checkout/
TinyDeal,cart.tinydeal.com/index.php
Uatt?,uatt.com.br/checkout
"UOL Antivírus",
"Urban Outfitters",
"Loja Virus 41",checkout.lojavirus.com.br
VR,vr-oficial.com.br/carrinho
Voopter,
"World Tennis",wtennis.com.br/checkout/
"Clube da Lu",
Celsite,
"Madrugão Suplementos",www.madrugaosuplementos.com.br/checkout/cart/
SportHall,
"KLM Royal Dutch",klm.com/ams/checkout-beta
Gurivéio,www.guriveio.com.br/checkout/cart
"Marcelo Smart",
Sofitel,
Artwalk,artwalk.com.br/checkout
"Sare Drogarias",
"Terra AntiVirus",servicos.terra.com.br/antivirus
"Nescafé Dolce Gusto",nescafe-dolcegusto.com.br/checkout/
Descomplica,checkout.descomplica.com.br/|descomplica.com.br/planos/#payment
"Czech Airlines",booking.csa.cz
Sony,
"Prata Fina",pratafina.com.br/checkout/cart/
"Par Perfeito",parperfeito.com.br/cpx
Destinia,res.destinia.com
Catho,
"Anna Pegova",annapegova.com.br/basket.aspx|annapegova.com.br/shipping.aspx
"Loja Porta dos Fundos",
LIVO,
Iberia,
NicePhotos,pagamento.nicephotos.com.br/Checkout
"Oi TV",
Metlife,
Malamix,
Salfer,
"Loja Mulher",
"Joias Gold",joiasgold.com.br/checkout/#/cart
Shop2gether,shop2gether.com.br/checkout/
Printi,www.printi.com.br/meu-carrinho
"MXT Shop",mxtshop.com.br/basket/
"Oficina dos Bits",
FocalPrice,
Nike,checkout.nike.com.br/carrinho
"Fast Runner",fastrunner.com.br/carrinho
Asos,asos.com/bag/|marketplace.asos.com/basket
AliExpress,shoppingcart.aliexpress.com/
DepositPhotos,br.depositphotos.com/subscribe
"Be Little",
"Abra Casa",abracasa.com.br/checkout
ClickBus,www.clickbus.com.br/checkout
Capitollium,checkout.capitollium.com.br
"Monster Sports",
iHerb,checkout7.iherb.com/cart
Motoside,
Timex,timex.com.br/checkout/
"Costa do Sauípe",
FotoRegistro,fotoregistro.com.br/caritens.php
Fathead,
Cyberswim,
"GSN Suplementos",
Iberostar,
"Sensual Sexshop",
"Rail Europe",
"Book Depository",bookdepository.com/basket
HostelsClub,
"Merchandising Plaza",merchandisingplaza.com.br/basket
"Parques e Ingressos",
"Solar Presentes",
"Men's Market",mensmarket.com.br/cart
"Air France",
"AVG Technologies",
"Avis ",
Bullguard,
HootSuite,
"Paris City Vision",
FutFanatics,futfanatics.com.br/loja/carrinho.php
Elare,elare.com.br/carrinho
Celmáquinas,
Liquidae,
Qatar,booking.qatarairways.com
SonicoTrip,
MPozenato,checkout.mpozenato.com.br/
"Bang Good",www.banggood.com/pt/shopping_cart|www.banggood.com/shopping_cart
"La Bella Mafia",
"Pet na Net",
Macys,macys.com/bag/
Vivara,vivara.com.br/carrinho
"Bidu Corretora",
"Loja do Prazer",lojadoprazer.com.br/AddProduto.asp
"Decola Já",
Wish,
"Nature Center",www.naturecenter.com.br/checkout/
"Ricardo Eletro Viagens",
Itaro,itaro.com.br/cart
"Leandro Twin Store",
"Dispemec Auto Peça",
"Camiseta Digital",
"Intima Store",intimastore.com.br/AddProduto.asp
Romwe,romwe.com/cart
Deezer,
eContabilista,
Everbuying,
TomTop,cart.tomtop.com/
"Mundo dos Óleos",
Havan,havan.com.br/checkout/
"Lojas Lebes",
"Novo Mundo",novomundo.com.br/checkout/
Zamax,
Hotel.Info,
Clickaê,
"Projeto Verão",lojaprojetoverao.com.br/checkout/#/cart
Evino,evino.com.br/cart
ShopBop,
"Chain Reaction Cycles",chainreactioncycles.com/basket
ChefsClub,chefsclub.com.br/checkout/
bebe,
"Revista Seleções",
A1Supplements,
LighTake,
HostelWorld,
"Auto Parts Warehouse",
"Herbs Pro",
"Beauty Bridge",
"Ami Clubwear",
iPlace,lojaiplace.com.br/iPlace/carrinho
Mundomax,
"Ada Tina",
"Água de Coco",
Animale,animale.com.br/checkout/
ATEEN,ateen.com.br/checkout/
Billabong,
"Body for sure",www.bodyforsure.com.br/checkout
BodyAction,
"Look Store",
"Calvin Klein",calvinklein.com.br/checkout
"Canal Concept",
"Disney Store",
Cecconello,
"Cia Maritima",ciamaritima.com.br/checkout
Cinerama,
Columbia,
"Cris Barros",
Darling,
Desigual,
Ecko,
Element,shop.elementbrand.com.br/checkout/
Eudora,loja.eudora.com.br/checkout
"Sex Desejo",
"Camila Klein",
"Azul Viagens",azulviagens.com.br/packages/booking|azulviagens.com.br/cars/booking|azulviagens.com.br/hotels/booking
Clinique,clinique.com.br/checkout/viewcart.tmpl
TripAdvisor,
"Loja do Inter",lojadointer.com.br/cart
"Loja NBA",
"Sao Paulo Mania",saopaulomania.com.br/cart|saopaulomania.com.br/checkout
"UFC Store",
"Santos Store",
"Loja Mizuno",
Timberland,www.timberland.com.br/checkout#/cart
Shutterstock,shutterstock.com/checkout/
RVCA,
"quem disse, berenice?",quemdisseberenice.com.br/checkout
"New York Pass",
Modekungen,
Payleven,
Amissima,amissima.com.br/basket/index.aspx
Live,
"Nina Bruni",ninabruni.com/checkout/
"About Home",abouthome.com.br/meu-carrinho/
Europcar,europcar.pt/DotcarClient/stepExtras.action
Drill,
"Rent Cars",rentcars.com/pt-br/reserva/configurar
eShop24,
"Nova Concursos",novaconcursos.com.br/checkout/
"Gorila Clube",
Elo7,elo7.com.br/cart.do
EVitamins,evitamins.com/waitcheck.asp
Lookfantastic,lookfantastic.com/my.basket
"1001 Festas",
"The Hut International",thehut.com/my.basket
ProBikeKit,probikekit.co.uk/my.basket
"Lego Brasil",legobrasil.com.br/checkout/
"Super Nosso em Casa",
"Rose Wholesale",cart.rosewholesale.com/m-flow-a-cart.htm
"Online Farma",
Oasap,
Choies,choies.com/
"Beauty Outlet",
"Sierra Trading Post",
"New Frog",newfrog.com/checkout
Avell,avell.com.br/checkout/
"C&C - Casa e Construção",carrinho.cec.com.br/carrinho
"Chico Rei",chicorei.com/carrinho
"Parceiro Ambev",
SheIn,br.shein.com/cart
Ebay,cart.ebay.com|pay.ebay.com/
"Sammy Dress",cart.sammydress.com/m-flow-a-cart.htm
YoyBuy,
Chefs,
"Somatodrol ",somatodrol.com/
"Thermo Slim",
GoDaddy,cart.godaddy.com
"Zavvi International",zavvi.com/my.basket
"Vivo Fibra",
CigaBuy,cigabuy.com/index.php?main_page=shopping_cart
"Shopping Marítimo",
Tripsta,tripsta.pt/voos-baratos/passageiros
"Meu Móvel de Madeira",
Scala,
Mash,mash.com.br/checkout/
"Folha Dirigida",folhadirigida.com.br/assinaturaStep
Cosme-de.com,uk.cosme-de.com/shopping-cart
HostelBookers,
Loungerie,www.loungerie.com.br/checkout#/cart
"Time Center",timecenter.com.br/checkout/
Weego,lojaweego.com.br/checkout/#/cart
Poeme-se,poemese.com/checkout/
"Toda Mulher",
"Educação Coletiva",
"Bee Fitness",beefitness.com.br/checkout
"Touch Watches",usotouch.com.br/checkout
"Tuning Parts",tuningparts.com.br/meu-carrinho/
iPED,
"Port Info",
AirBnb,
"Lojas Dione",
Constance,constance.com.br/checkout/
"Organize Shop",organizeshop.com.br/checkout
"Salomão Country",
Valisere,valisere.com.br/checkout/
BistroBox,
"Detecta Hotel",
"Freeday Skate Shop",
Sky,
"Concurso Virtual",
"Connect Parts",connectparts.com.br/checkout/
"Degrau Cultural",degraucultural.com.br/carrinho
"Casa do Skatista",
GearBest,cart.gearbest.com|gearbest.com/checkout/
Ray-Ban,ray-ban.com/brazil/cart/products
Weplann,
"Estela Geromini",
"Gifts n Ideas",
Fofostore,
Bijoulux,
Roncato,roncatobrasil.com.br/basket/|roncatobrasil.com.br/checkout
"Dress It",dressit.com.br/meu-carrinho/
"Lança Perfume",cart.lancaperfume.com.br/cart/products
FujiFilm,carrinho.lojafuji.com.br/
iCosméticos,
"Vivo Recarga",
"Lojas Pompéia",lojaspompeia.com/checkout/
Natura,fsssgrede.natura.net/sgadsacola|s.rede.natura.net/
"Extreme Life",
Cdiscount,
VVAtacado,carrinho.vvatacado.com.br/
"Tião Camaleão",
"6 Dollar Shirts",
Accuscore,
"Acronis International",
All-Battery.com,
AllBrands.com,
AllPosters.com,
Art.com,
ASMC,
HCC,
Bellacor,
"Best of Orlando",
"Best of Vegas",
"Bookbinders Design",
BustedTees,
"Cafe Britt",
CBazaar,
Clickatell,
Contiki,
"Daniel Wellington",
"Diamonds International",
DollarDays,
eBooks.com,
EdenFantasys,
Eyeglasses.com,
EyeSave.com,
Fashionesta,
"Ferrari Store",
"Fox Rent A Car",
FragranceShop.com,
FragranceX.com,
GamersGate,
GlassesShop.com,
"Green Man Gaming",greenmangaming.com/your-cart---order/
HalloweenCostumes.com,
HotelPlanner,
iCLIPART.com,
"Jamie Jacobs",
"Liquid Web",
"The London Pass",
Maclocks,
MAGIX,
"Manchester United",
MedexSupply,
Milanoo,milanoo.com/shop/Cart.html
MMOGA,
MRP.com,
muvee,
PandaHall,
PartyBell.com,
"Perfume Emporium",
Prestigia,
PrimeSport,
Pugster,
Rock.com,
Rosewe,
"Sheet Music Plus",
Tallmenshoes.com,
Testclear,
ThinkGeek,thinkgeek.com/brain/loot.cgi
"Ticket Liquidator",
Trendfabrik,
TRIWA,
"Trusted Tours",
Verseo,
WristWatch.com,
"West Marine",
"Worldwide Sport",
Loggi,
"Entertainment Earth",entertainmentearth.com/shoppingcart
"Brasil Camisaria",
Semrush,
Dara´s,
Gradiente,
"Abba Hotels",
Wholesale,asia-fashion-wholesale.com/welcome/index.php?_g=co&_a=shopping_cart
"Ayre Hoteles",
"Bahia Principe Hotels & Resorts",
"Be Live Hotels",
Casadellibro.com,casadellibro.com/modales/bolsaCompra
"Confortel Hoteles",
WebContinental,webcontinental.com.br/cart
Zattini,zattini.com.br/cart|zattini.com.br/checkout
"Dunas Hotels & Resorts",
"Energy Sistem Store",energysistem.com/es/checkout/cart/
"Evenia Hotels",
"Experiencias Xcaret",xperienciasxcaret.mx/ecom/
Avon,avonstore.com.br/checkout
"Magazine Você",
"Ovelha Negra Musical",ovelhanegramusical.com.br/carrinho/
"Sky tours",
Drusi,
99designs,
Allbeauty.com,allbeauty.com/gb/en/checkout
"Pop Decor",
"IOB Concursos",
FC-Moto,fc-moto.de/epages/fcm.sf/en_GB/
"H10 Hotels",
Myprotein,pt.myprotein.com/my.basket
Hoteles.net,
"Lace Wigs",lacewigsbuy.com/checkout/
WQsurf,
Motorola,motorola.com.br/checkout
FYI,fyistore.com.br/checkout/#/cart
"Sofia by Vix",
VIX,
"Sunglass Hut",sunglasshut.com/br/cart/
"Morena Rosa",morenarosa.com.br/checkout.aspx|morenarosa.com.br/basket
"Classic Tennis",classictennis.com.br/checkout/
"Coritiba Store",
"Versão Masculina",versaomasculina.com.br/basket
"UOL Host",
"Terra Loja Virtual",
"Terra Construtor de Sites",
MaxMilhas,maxmilhas.com.br/selecao-de-milhas
ShopFácil,
Nuuvem,secure.nuuvem.com/cart
BuyInCoins,
"Loja do Mecânico",lojadomecanico.com.br//carrinho.asp?acao=ver
Nespresso,nespresso.com/
Drogasil,drogasil.com.br/checkout/
Pichau,
"Bio Extratus - Escova Michel Mercier",
WBeer,
"B&H Photo Video",
"Onofre Esportes",www.onofreagora.com.br/esportes/carrinho.asp|www.onofreagora.com.br/esportes/pagamento.asp
"Descubra o Mundo",descubraomundo.com/pdv
Utilplast,utilplast.com.br/checkout/
"Leroy Merlin",leroymerlin.com.br/carrinho
"OFF Premium",offpremium.com.br/shop/offpremium/br/checkout|offpremium.com.br/checkout/
"Pink Gloss",
ComSchool,
"UW Casa das Cuecas",
"Mala Amada",
"Mercado Pago",mercadopago.com/mp-brasil/point/
Skyscanner,
Norton,
QÓculos,
Lumaê,lumae.com.br/index.php?spsr=checkout/
Nerdstore,
"Seguro Auto Fácil",
"The Beer Planet",www.thebeerplanet.com.br/checkout/#/cart
"Mil Sons",
"Digital Ocean",
RecargaPay,
"Casa do Código",
"Drogaria Araujo",araujo.com.br/checkout/
"Dress & Go",
"Gaming Dragons",
"Tiger Direct",
Estácio,
Cupônica,
"Grão Gourmet",
"Empório da Cerveja",emporiodacerveja.com.br/checkout/#/cart
Trocafone,trocafone.com/comprar/checkout
TravelBird,
"Lojas Paquetá",lojaspaqueta.com.br/checkout/
"Banco Intermedium",
Electrolux,loja.electrolux.com.br/checkout
Agoda,agoda.com/
Flaminga,flaminga.com.br/checkout/
Webmotors,
Trivago,
"Ferramentas Gerais",
"Musician's Friend",
"Back Wash",
"Cursos 24 Horas",
"Editora Globo",assineglobo.com.br/identificacao
"Folha de São Paulo",
Leboh,
"Maria Valentina",mariavalentina.com.br/basket/
Oakley,cart.oakley.com.br
"Grão de Gente",
"Lojas E&C",
Fabula,afabula.com.br/checkout/
GeekBuying,geekbuying.com/shoppingcart
"Slim Caps",
"Cachaçaria Nacional",
Shop4Men,shop4men.com.br/checkout/
"Casa Show",casashow.com.br/checkout/
"Suggar Eletrodomésticos",checkout.suggar.com.br/
InfoJobs,
"Vidência Talismã",
"Facil Descontos",
"L'Occitane au Brésil",br.loccitaneaubresil.com/ecombag.aspx
"Zona Criativa",zonacriativa.com.br/checkout
AdsiveShop,
"Boa Saúde Suplementos",boasaudesuplementos.com.br/compra/carrinho.aspx
"DC Comics Store",
Galvic,
Geek10,geek10.com.br/checkout#/cart
Schumann,schumann.com.br/checkout
Shoulder,shoulder.com.br/checkout/
SunHouse,
"Shop Cruzeiro",shopcruzeiro.com.br/cart
"Hyper Compras",
4YouStart,
Fiat,
Snowland,snowland.com.br/ingressos/
"Baby Holder",
Peugeot,
"Saúde do Bem",
"Chez France",loja.chezfrance.com.br/checkout/
"Mims Bags",
Ikesaki,
"Namastê Clothing",
Animalia,
"3D Fila",
Masada,
WNH,
"Recco Lingerie",
Multilaser,lojamultilaser.com.br/checkout/
"Casa Equipada",
"BR Shoes",
Mercatto,cart.mercatto.com.br/cart
Maresia,loja.maresia.com.br/checkout/
Xiaomi,
Weber,
Eurail,
Lottoland,
Playkids,
"Abra Mais",abramais.com.br/checkout/
"Monte Carlo Joias",www.montecarlo.com.br/checkout/#/cart
NewLentes,
"Kale Lingerie",
Kipling,checkout.kipling.com.br
netDecor,
"Compre Direto",
Monisatti,
"bandUP! store",
"Sweet Hair",
Ókulos,okulos.com.br/checkout/
Kitanda,
Copag,copagloja.com.br/checkout/
"Grand Cru",grandcru.com.br/cart
"Le Creuset",lecreuset.com.br/checkout/
"Hotéis Transamérica",
eduK,assinatura.eduk.com.br
CluBeer,
"Easy Carros",
"Fábrica de Monstros",
Hotmart,
Quantum,meuquantum.com.br/carrinho
McDonald's,
Vaniday,
"Claro TV",
Rensz,
"Aliança Store",
"Dutra Máquinas",dutramaquinas.com.br/carrinho
"Thug Nine",
"Space Tennis",
YOUCOM,youcom.com.br/carrinho.aspx|youcom.com.br/checkout/
Loft747,loft747.com.br/checkout
Samsung,
Natuebox,
Q48,q48emagrecimento.com|q48cadastro.com.br|q48.com.br|exerciciorapido.com/
Vaio,br.vaio.com/carrinho
Pecadille,
"Lenovo Vibe",
VinhoSite,
ShopBXB,
"Minha Ótica",minhaoticaonline.com.br/checkout/
Plié,plie.com.br/checkout/
Vika,
Marabraz,marabraz.com.br/checkout/
"Wine in Pack",
"Tripp Aventura",
PegCar,
Arbitrate,www.arbitrate.com.br/
"Vitrine 360",
"Guia Prático para Passar em Concurso Público em 1 Ano",dicas.fuiaprovado.com.br/
Rentalcars,secure.rentalcars.com
Ubook,ubook.com/subscription
"Educamundo Cursos Online",
"Tesouro Direto Descomplicado",
"Foco Educação Profissional Cursos Online",
"Centro de Estudos e  Formação Cursos Online",
"Curso Trader Esportivo 2.0",
"Mister Festas",
Jocar,jocar.com.br/meu-carrinho/
Petz,petz.com.br/comprarAgora_Loja.html
"Super Saudável Shopping",
Foxton,foxtonbrasil.com.br/checkout
"Etihad Airways",
"Pandora Joias",pandorajoias.com.br/checkout
Darwin6,darwin6.com.br/checkout/
ClickEscap,
Anacapri,
"Casa das Alianças",casadasaliancas.com.br/pedido
GloboMags,
DBestShop,dbestshop.com.br/checkout/
LATAM,book.latam.com
"LATAM Travel",
"Olho Fashion",olhofashion.com.br/carrinho
"Sport Tennis",sporttennis.com.br/checkout/cart/
Aramis,aramis.com.br/checkout/
Leopardi,
Lealtex,
"Casa das Cuecas",
"WillGo Brasil",
Cabify,
"Casa Baher",casabaher.com/checkout
Babolat,
"Cook Eletroraro",
"UOL PagSeguro",pagseguro.uol.com.br/campanha/moderninha-do-pagseguro|carrinho.pagseguro.uol.com.br
Emirates,fly4.emirates.com/CAB/IBE/SelectPrice
"Areia de Gato Hello Kitty",
"Under Armour",underarmour.com.br/pt-br/checkout-cart
"MSC Cruzeiros",
Alibaba,
Parafuzo,parafuzo.com/pedido/checkout
iCasei,
"GlutenFree Box",
"Cazá do Sport",
"Vivo Controle",
Budget,
Movida,movida.com.br/reserva/opcionais
"Viator - Uma Empresa TripAdvisor",viator.com/pt-BR/cart/view
McAfee,cart.mcafee.com
"Maria Filó",
Soulier,soulier.com.br/checkout/
MaxHaus,
"Sem Parar",
"Virtual Joias",virtualjoias.com/checkout/
Nuspace,
Meliã,
"Rosetta Stone",
Puma,
Principessa,lojaprincipessa.com.br/checkout/
"Emporium da Gulla",
"Calçados Online",calcadosonline.com.br/checkout
"Mary Tools",
"Laura Baby",
"Enxovais Ibitinga",
"Amanda e Lais enxovais",
Donadoka,
"Bom e Barato",
"Market Fashion",
"Nay Multicoisas",naymulticoisas.com.br/checkout/
"Morô Casa",
Gocase,gocase.com.br/cart
"Drogaria São Paulo",drogariasaopaulo.com.br/checkout
"Ponto da Porcelana",
"Corpo D21",
"Fire Festival",
"Outer Shoes",outershoes.com.br/checkout
Birden,birden.com.br/carrinho
"Curso Brigadeiros Gourmet",
"Coach de Emagrecimento",
Serenata,serenatanet.com.br/basket/
"Tig Store Renata Figueiredo",tigstore.com.br/carrinho.asp
"Semana Detox",
"Coaching Walking",
"Início Avanço Digital",
Polihouse,http://www.polihouse.com.br/
Isopasse,
"China in Box",
"Luiza Barcelos",luizabarcelos.com.br/basket/
Zeedog,zeedog.com.br/checkout
"Mania Pop",
"C&A e Outlet",
EPO,
"Rosa Chá",rosacha.com.br/checkout/
"Papel na Parede",papelnaparede.com.br/basket/
"Apoio Escolar 24h",
Acrochê,
"Dog in Art",
"Água Doce",aguadocepraia.com.br/checkout
"Multi Ar ",
Valejet,valejet.com/checkout
Colab55,colab55.com/checkout
"Pet meu Pet",petmeupet.com.br/checkout/
Santafina,
"Serilon Crafts",checkout.seriloncrafts.com.br/
"Dr Shape Suplementos",
Simplic,
FreeCô,
"Tommy Hilfiger",br.tommy.com/carrinho/
BringIT,www.bringit.com.br/checkout/cart/
Glio,
"Drogarias Pacheco",drogariaspacheco.com.br/checkout/
"Pneu Store",pneustore.com.br/cart
NewNutrition,newnutrition.com.br/checkout/
Valfrance,valfrance.com.br/checkout/
"Wacom Store",
Zinzane,zinzane.com.br/checkout
"Etiqueta Unica",
Desbravo,
Arke,
"John John Denim",johnjohndenim.com/carrinho
Bobô,bobo.com.br/carrinho
"Le Lis Blanc",lelis.com.br/checkout/
Tramontina,
VitaDerm,vitadermstore.com.br/carrinho
"Loja do Papi",lojapapi.com.br/basket
"Casa Fortaleza",
ioRedes,
"Básica com Pimenta",
"Best Berry",bestberry.com.br/checkout/
"Carro de Mola",
Laris,
Ludi,ludi.com.br/checkout/
"Músculos na Web",
"Sua Loja Oficial",
"Assist Card",
Leiturinha,leiturinha.com.br/assinatura/pagamento
"Lym Decor",lymdecor.com.br/checkout/
"Guichê Virtual",guichevirtual.com.br/t/pagamento/
Eletrum,eletrum.com.br/carrinho|eletrum.com.br/checkout/
Tray,
"Comprei é meu",compreiemeu.com.br/carrinho
"Shop Vasco",shopvasco.com.br/cart|shopvasco.com.br/checkout
"Terra Curso de Inglês",
Proteste,
"Zé Delivery",
"Relógios Oversized",
Intimissimi,intimissimi.com.br/checkout/
TreinaWeb,
"We Do Logos",
Montink,
UberEATS,
"Burguer King",
"Domino's Pizza",
Riachuelo,riachuelo.com.br/checkout/
Caudalie,br.caudalie.com/checkout/
"Lizzy Tape",
MAC,maccosmetics.com.br/checkout/viewcart.tmpl
Levi's,levi.com.br/checkout/
"Água Brastemp",
"Simile Store",
Monama,monama.com.br/carrinho
VestCasa,vestcasa.com.br/checkout
Duloren,duloren.com.br/checkout/
"Mobile Maníacos",mobilemaniacos.com.br/checkout/cart/
"Oh, Boy!",ohboy.com.br/checkout/
"Flip Store",
Sacada,sacada.com/checkout/
"Costa Leste",costaleste.com.br/checkout/
"Sorte Online",sorteonline.com.br/carrinho/listar
"Cursos Livres",cursoslivresead.com.br/checkout/
"LDI Cristais e Pedrarias",
"Gym Chef",gymchef.com.br/cesta
Casenn,
Topper,topper.com.br/checkout/
"Tag Livros",
"Tudo Forte",tudoforte.com.br/loja/carrinho.php
Pneux,
Aquarius,
"My Place",
"Loja Três",
Bazis,
"Bavera Home",
"Papel Decor",
"Vitrine Outlet",vitrineoutlet.com.br/checkout/cart/
"Della Via Pneus",
Sombrinhas.com,
Vestcon,vestcon.com.br/cesta.aspx
Udemy,udemy.com/cart/
"Outlet Relógios",
"Vinci Shoes",
"Envio Divino",enviodivino.com/checkout/
"Silhouette Brasil",
"Óticas Diniz",oticasdiniz.com.br/checkout/
"Livraria Florence",livrariaflorence.com.br/checkout/
"Click Móvel",
SkinCeuticals,skinceuticals.com.br/checkout
"Studio Z Calçados",www.stz.com.br/checkout
Fleurity,
"Flamengo Loja",
Jetradar,jetradar.com/
"Foco Aluguel de Carros",
"Focus Concursos",
"Buscapé Viagens",viagens.buscape.com.br/shop/checkout
"Regina Salomão",
Sympla,
Slimlife,
"Lift Make",liftmake.com.br/Pagamento.aspx
Hyperbody,hyperbodyoficial.com/Pagamento.aspx
"Ubi Work Shop",cart.ubiworkshop.com.br/cart/products
Diesel,checkout.br.diesel.com
Cheftime,cheftime.com.br/planos
Ourtime,ourtimebrasil.com.br/upgrade
"Geek Magazine",
"The Gift Box",
"Master Juris",masterjuris.com.br/checkout/
Kutiz,kutiz.com.br/checkout/#/cart
Dudalina,dudalina.com.br/checkout
Rainha,rainha.com.br/checkout/
GOG,
"ZAP Imóveis",
"Arte em Mãos",
"Vip Fácil",vipfacil.com.br/compras/finalizarCarrinho.html
"Euro Relógios",www.eurorelogios.com.br/checkout
"Segredos de Salão",loja.segredosdesalao.com.br/checkout
Karsten,loja.karsten.com.br/carrinho
Femmina,femmina.com.br/checkout
Ecadeiras,e-cadeiras.com.br/carrinho.asp
"Bel Air",belairmoveis.com.br/checkout/
"Hashtag Teen",
Estoque,estoque.com.br/carrinho
"La Roche-Posay",
"Oculos Officina 7",oculosofficina7.com.br/checkout/
"Neon Pet Shop ",
"Marquinho Motos",marquinhomotos.com.br/Carrinho
"Ligia Kogos Dermocosméticos",loja.ligiakogosdermocosmeticos.com.br/carrinho/index
Icabelos,icabelos.com.br/checkout
Vivacy,
A.brand,abrand.com.br/checkout/
"Luigi Bertolli",luigibertolli.com.br/checkout/#/cart
"PopUp Store",popupstore.com.br/checkout/
"Unidas Locação",unidas.com.br/dados-cliente.aspx
"Adeus Rotina ",adeusrotina.com.br/checkout-parcelado
"Clima Rio",climario.com.br/checkout
"Renova Ecopeças",renovaecopecas.com.br/checkout/
Telhanorte,telhanorte.com.br/checkout
Dobra,
"New Balance",cart.newbalance.com.br/cart/products
Jansport,jansport.com.br/checkout/
"Karamell Store",
Exaixo,
JBL,cart.jbl.com.br/cart/products
Delonghi,loja.delonghi.com.br/checkout
"123 Milhas",123milhas.com/v2/busca/passageiros
"Pierre Cardin",pierrecardin.com.br/compra/carrinho|store.pierrecardin.com.br/checkout/#/cart
"The Bar",br.thebar.com/checkout
"Master OAB",masteroab.com.br/checkout
"Leitor Gospel",store.leitorgospel.com.br/checkout
Manipulaê,
"JC Brinquedos",
Kiehls,
QualitySP,
"Omelete Store",store.omelete.com.br/checkout
"Travel Ace Assistance",
Futebox,
Smartfix,
"Confidence Câmbio",confidencecambio.com.br/ecommerce/#/especie/resumo?_k=lwl7vr
"Chega de Cigarro",g.eduzz.com/checkout/
G2A,g2a.com/checkout/
Kiwi,kiwi.com/br/booking
"Kobo Brazil",kobo.com/br/pt/checkout/
"Allora Relógios",
"Lux Golden",luxgolden.com.br/meu-carrinho
"Relógios Condor",relogioscondor.com.br/checkout
"UOL Assistência Técnica",
"UOL Segurança Digital",
"UOL Wi-Fi",
"QuickBooks ZeroPaper",
Habitissimo,
"Multi Ponto Denim",multipontodenim.com.br/meu-carrinho/
Novellus,
Beard,beard.com.br/meu-carrinho/
"MP Brinquedos",mpbrinquedos.com.br/checkout/
"English Live ",englishlive.ef.com/checkout
"FAM - Faculdade das Américas",
"Nextel Empresas",carrinho.nextel.com.br/cart/
Qualicorp,
Shoploko,shoploko.com.br/meu-carrinho/
"Sam's Club",samsclub.com.br/seja_socio/
"Best of Beauty",bestofbeauty.com.br/checkout/
"Claro Controle",
Tenda,
"Seguro Auto",
"Oi Empresas",
"Meu Carro Novo",
"Cote Compare ",
"Tim Controle",
Triumph,triumph.com.br/checkout/
Follixin,
"Classic Praia",classicpraia.com.br/checkout/
"BR Shop",
GoPaleo,
"Trip Global",br.trip.com/hotelsmart/book
"789 Trip",
Momondo,
Fossil,fossil.com.br/checkout/
Jojoux,
"Health for Pet",
Dufrio,dufrio.com.br/checkout/carrinho
MagicFeet,magicfeet.com.br/checkout/
"Santo Rock",santorock.com/checkout/
Gaston,gaston.com.br/checkout/
"Seven Fit Suplementos",
"Unidas Seminovos",
"Feel Free",feelfree.com.br/cart-2/
Empiricus,
"Alma de Praia",
"Blue Sky Informática",
"Catho Educação Graduação",
"Catho Educação Pós-Graduação",
"CNH Resolve",
Prime,
"Cultura Inglesa",
Empregosim,
Girafácil,
"Toque a Campainha",
"Woman's Hair Capillum",
"Man's Hair Capillum",
"VR Benefícios",
"Vita Nutrition",
"Specialità Fitness",
ExtraSize,
Olympikus,olympikus.com.br/cart
"Pneus Fácil",
"Just Bank",
"Meu Patrocínio",
C-date,
OptyMemory,
Lisa18,
"Vou Levar ",voulevar.com.br/voulevar/carrinho
"Multi Seguro Viagem",
"Greenpeace Rainbow Warrior",
"Vinho Site",vinhosite.com.br/checkout
"Grupo HCT",
"Ótica Mix",
"Renata Coelho Joias",
Dumont,dumont.com.br/checkout
"Porto Seguro Conecta",
Administradores.com,administradores.com.br/premium
"Next Bike",
"Avalanche Shop",
Liberatti,
"Embracom ",
Zenvia,
Dna-Love,
"Recarga Oi",
"Recarga Tim",
"Recarga Claro",
"Frio Peças",friopecas.com.br/checkout#/cart
"Fitbox Rio de Janeiro",
"Hyper Jobs",
"Lincoln Joias",
"Tim Empresas",
"Zen Animal",
"Lady Hair Pro",ladyhairpro.com.br/checkout/
"Lentes de Contato.Net",lentesdecontato.lojavirtualfc.com.br/cadastro.asp
Technos,technos.com.br/checkout
"Occhi Azzurri",
Kidits,br.kidits.net/checkout
Miscota,br.miscota.com/checkout
Wellindal,br.wellindal.com/checkout
"P2P Milhas",
Geekie,
Futurecom,
"Vegano Shoes",
2Rios,
Flow,flow.com.br/checkout/
Botti,
SellToner,
Cori,cori.com.br/checkout/
Lotosena,lotosena.com/cart_step1.php
"Escola Brilhante",
"Breve Festival",
"Acquaflora Cosmeticos",
"Key Design",keydesign.com.br/checkout/
Corega,
"Méliuz Viagens",viagens.meliuz.com.br/shop/checkout
AutoZ,autoz.com.br/br/carrinho
eMania,emania.com.br/cart/index
Sustagem,
Avadore,avadore.com.br/checkout
Vans,vans.com.br/checkout
"Foccus Nutrição",
Olist,
"Livro Reinventando as Organizações",
Instacarro,
"Freak Market",freakmarket.com.br/carrinho
"Clube do Zero",
HostGator,
"Dr. Lava Tudo",loja.drlavatudo.com/carrinho-de-servicos
"B2W Empresas",b2wempresas.com.br/cart/
"Carro Seguro",
"Hermoso Compadre",hermosocompadre.com.br/checkout/
Inovathi,inovathi.com.br/basket/index.aspx
"Lojas Santos",
"Porto Seguro Centros Automotivos",
CASE,
"Evento ID 360",
Erosmania,
Beautifulhalo,beautifulhalo.com/index.php?main_page=shopping_cart
Obabox,obabox.com.br/Cart/Index
"Dalen Shop",
"L3 Store - Presentes Criativos",
"Loja Santos",
Taglab,taglab.com.br/checkout/
"Web Surf Shop",websurfshop.com.br/basket/index.aspx
Korova,korova.com.br/checkout/
Lezalez,lezalez.com/checkout
Avast,
"Costa Cruzeiros",www.costacruzeiros.com/booking/payment.html
Swarovski,www.swarovski.com.br/checkout
Wollner,wollner.com.br/checkout/
"Quinto Andar",
"Home Refil",
"Ponto dos Concursos",pontodosconcursos.com.br/Carrinho/Carrinho
Asus,loja.asus.com.br/checkout/cart/
Beline,www.beline.com.br/site-seguro-pedidos
"Dumbu Pro",
Enluaze,
"Evo Store",linhaevostore.com/checkout/cart/
"Meu Kimono",
"My Story Joias",
Zaful,cart.zaful.com/shopping-cart.html
"Twinkle Deals",cart.twinkledeals.com/my-bag
Rosegal,cart.rosegal.com/
Gamiss,cart.gamiss.com/m-flow-a-cart.htm
Zapals,.zapals.com/checkout
Rotita,rotita.com/flow.php?act=cart
Cafago,cart.cafago.com/
"TVC Mall",tvc-mall.com/Order/OrderInfo/
Sneakerhead,sneakerhead.ru/shopping-cart/
CHICUU,
Dresslily,cart.dresslily.com/m-flow-a-cart.htm
RCmoment,
Tidebuy,cart.tidebuy.com/shopcart.html
ChicMe,chicme.com/cart/
Trendsgal,cart.trendsgal.com/shopping-cart/
"Três Corações",secure.escolhatres.com.br/cart/
"Cursos Alexandre Rossi",
FisioPlay,
"Psicologia Sem Fronteiras",
MetaFlix,
"Universidade SmartTalk",
Soufeel,soufeeljoias.com.br/checkout/cart/
Dresslink,cart.dresslink.com/Cart-index.html
Newchic,newchic.com/shopping_cart.html
Afghan,
"Clube Greens",www.greens.market/checkout/#/cart
Divvino,divvino.com.br/liquor/carrinho
"Angeloni Eletro",www.angeloni.com.br/eletro/carrinho
"Panda Security",store.pandasecurity.com/300/?scope=checkout
HotelTonight,
"Apple Retail",
"Moda Love",www.modalove.com.br/checkout/cart
"Shoes INBOX - Sapatos & Calçados Femininos",shoesinbox.com.br/checkout/cart/
Savegnago,savegnago.com.br/checkout
Coach,checkout.brazil.coach.com/
Hortie,
CNDirect,
Carethy,
Vitao,
"Complete O Carro",
"Estilo e Conforto",estiloeconforto.com.br/checkout/
Jequiti,loja.jequiti.com.br/checkout/#/cart
"Royal Pets",
"Aquelas Coisas",aquelascoisas.com.br/carrinho
"Feira das Toalhas",feiradastoalhas.com.br/carrinho/
Philips,
Artex,artex.com.br/checkout
"Relojoaria A Suissa",asuissa.com.br/pedido
Chic&Elegante,
Chifon,
Chocolife,www.chocolife.com.br/checkout/cart/
"DEP Store",www.depstore.com.br/cart
"Urban Helmets",
Ucoffee,ucoffee.com.br/shop/cart
Tresano,
StudyBay,
Sollas,
"Sterdi Custom",
"A Arquiteta",
"Alegria Bet",
Arrazo,
"Sapatilhas Modene",
Profit,
B-ON,
Lookupfare,lookupfare.com/
"Bebidas Famosas",
Bunker,
Catran,
"CCP Parafusos",
"Delivery Muffato Gourmet",deliverygourmet.supermuffato.com.br/checkout/
"Dona Coelha",donacoelha.com/cart/
Malemolência,
Spirit,
"Shock Games",
"Scavone Casa",
"Reserva 51",
Rafarillo,www.lojarafarillo.com.br/checkout#/cart
Opte+,
"Maria Pia Casa",
"Joana João",
Kopenhagen,
Jolivi,
Foreo,foreo.com/pt-br/cart
Yoins,yoins.com/shopping_cart.php
MacPaw,macpaw.com/store
GameSeek,
GamesDeal,gamesdeal.com/checkout/cart/
GameBillet,
"Predator Nutrition",predatornutrition.com/cart
Zinvo,
Bodeaz,
DD4.com,dd4.com/
Adobe,commerce.adobe.com/
"Pestana Hoteis",
Azbro,azbro.com/order
Boutiquefeel,boutiquefeel.com/cart/
VolumeRate,
Winebrands,
"Mr. Cat",
Rappi,
Polar,store-br.polar.com/cart/products
"Sono Show Móveis",sonoshowmoveis.com.br/checkout/#/cart
"Style Market",stylemarket.com.br/checkout/carrinho-vazio
"Apple Music",
Sloggi,
Mambo,
"Gameforge Global",
"Quero Bolsa",
TicketBar,ticketbar.eu/en/home/shoppingcart/
Etsy,
Joico,checkout.joico.com.br/
Almundo,almundo.com.br/checkout/
"Boutique Infantil",www.boutiqueinfantil.com.br/checkout/cart/
"Cristais Aquarius",
"Semente Shoes",sementeshoes.com.br/carrinho/index
"Clube Marisol",clubemarisol.com.br/checkout/#/cart
"Vitrine Jovem",vitrinejovem.com.br/checkout/cart/
Usegiraffe,
"Gran Cursos Online",grancursosonline.com.br/carrinho|grancursosonline.com.br/assinatura|grancursosonline.com.br/assinatura-ilimitada
"Best Fit",checkout.usebestfit.com.br/
"Casa Aberta",
"Ashley Madison",
Cosmezi,
Eclectic,eclectic.com.br/cart/view_cart
"Fábrica do Alumínio",
Hostanual,
"It Stone",
Linio,
"Casa MinD",
Repassa,repassa.com.br/orders/cart
"Sua Casa Shop",
Twik,
Verve,
Samsonite,samsonite.com.br/checkout
Gallerist,gallerist.com.br/basket/index.aspx
Lilysilk,
"Petdot -DESATIVADO",
Dolps,dolps.com.br/basket/index.aspx
"No Chuveiro",
Casetify,
"Barba de respeito",barbaderespeito.com.br/checkout/cart/
Rideways,rideways.com/
Screeps,screeps.com/
"Victoria Milan",
Topface,
Fiverr,
Betsson,
Modanisa,
"On The Beach",
Cafarah,
"Luminus Hair",www.luminushair.com.br/basket
Kinghost,pedidos.kinghost.com.br/
"Vtex Day",
"Dentro da Historia",dentrodahistoria.com.br/carrinho
WeAreEyes,
Elsys,loja.elsys.com.br/carrinho
Piccadilly,lojapiccadilly.com/sacola
Otur,oturviagens.com/carrinho
Positivo,loja.meupositivo.com.br/carrinho
Abrakadabra,abrakadabra.com.br/checkout
Troc,troc.com.br/#cart
"Moda It",shop.modait.com.br/checkout/
"Via Mia",viamia.com.br/checkout/#/cart
Vegas,vegas.com/mytrip/app/Cart
Texmart,texmart.com/my-bag
TemplateMonster,templatemonster.com/checkout.php
Simplilearn,simplilearn.com/secure/checkout/
Shmoop,
"Rayna Tours",
Popreal,popreal.com/shoppingcart.html
Peggybuy,peggybuy.com/cart
Nastydress,
Mozello,
Lovelywholesale,lovelywholesale.com/flow.php?step=cart
Novashe,novashe.com/order
LiteMF,
Lingualeo,
LELO,lelo.com/pt-br/cart
Ivacy,
Intimina,intimina.com/cart
Holidayme,
Glasseslit,glasseslit.com/shoppingcart
Forzieri,forzieri.com/usa/basket.asp
Displate,displate.com/cart
Cudoo,cudoo.com/cart/
Cratejoy,
Chiquedoll,chiquedoll.com/cart/
Bitdefender,shop.bitdefender.com/store
Airydress,airydress.com/cart.php
IVrose,ivrose.com/cart/
Mailbird,
Chinavasion,chinavasion.com/cart
Skillshare,
Coolicool,coolicool.com/cart/index/index
SteelSeries,pt.steelseries.com/gaming-products
HotspotShield,
Ssense,ssense.com/en-us/shopping-bag
Joyshoetique,joyshoetique.com/cart/
Aviasales,
"Cyber Florist",cyber-florist.ru/shopcart
Airtickets,
SUNSKY,sunsky-online.com/product/cart!view.do
"Jet Airways",
"Ticket Network",checkout.ticketnetwork.com/Checkout/
"RU VDS",
Smiles,www.smiles.com.br/checkout
"Passagens Promo",passagenspromo.com.br/
"Seguros Promo",
"Anitta Store",anittastore.com/cart
"Gorila Shield",gorilashield.com.br/
"Jardim Exotico",jardimexotico.com.br/carrinho/
"Compara Online - Seguro Viagem",travel.comparaonline.com.br/
LFG,lfg.com.br/checkout/cart/
Unopar,
"Anhanguera Pós Graduação",portalpos.com.br/checkout
Magnifique,
Veni,
"AAZ Perfumes",aazperfumes.com.br/checkout/#/cart
Rede,
ConectCar,
Credicard,
"Chopp Brahma",choppbrahmaexpress.com.br/checkout/cart/
Bume.io,
Buser,
ADCOS,lojaadcos.com.br/checkout
Korres,
Elitize,elitize.com.br/carrinho
Solacer,
Cielo,
Marriot,marriott.com.br/reservation
Solaser,solaser.com.br/carrinho
"Sieno Perfumes",sieno.com.br/meu-carrinho/
ActionShop,
Maconequi,
Cartel011,
Sestini,sestini.com.br/basket/index.aspx
MoneyMan,
"Belt Nutrition",beltnutrition.com.br/checkout/cart/
"Quero Passagem",queropassagem.com.br/passagens-dados
"Lojas Guaporé",lojasguapore.com.br/checkout/#/cart
Kaspersky,store.kaspersky.com/store/
"Studio Geek",studiogeek.com.br/carrinho/index
SqualoShop,squaloshop.com/checkout
W.Buscatti,
"Câmbio Store",
iRobot,irobotloja.com.br/checkout/#/cart
Güd,gud.pet/checkout/cart/
Sindelantal,
"Big Bus Tours",
"Sightseeing Pass",
"Fly Dubai",
StubHub,
Spicy,
Magiccubemall,
Libertex,
Kinguin,kinguin.net/checkout/cart/
Adorama,
Jeulia,
Wholesale7,
"Mundo Mirim",
Delgrani,
"Mercado Fresh",
"Vibra Comigo",
Lobella,
Inciclo,
"Iron Action",
Luxe4home,
"Cia dos Relogios",
"Espeto Flex",
Balai,
Shills,
"San Marino",
"Central FLV",
"Vero Vita",
"Amamos Make",
Quintess,quintess.com.br/loja/pedido/
"We Stuff",
ShytoBuy,shytobuy.com.br/seu-carrinho.php
Easynvest,
"Cartao Pet",
CarRentalz,
"La Vendimia",.lavendimia.com.br/loja/carrinho.php
"Shell Box",
CNS,
Lendico,
Enjoy,www.enjoy.com.br/checkout/#/cart
"Loja Brazil",
"Color Joy",
Tiqets,
"Banco Neon",
"POP Me",popme.com.br/checkout/cart/
"Hot Park",
"Mix Auto",
LotoSuper,
Anker,www.ankeroficial.com.br/carrinho
"Saude Store",saudestore.com.br/checkout/#/cart
"CCM Moda Fitness",
Umbro,umbro.com.br/checkout/cart/
Fila,fila.com.br/checkout/cart/
Embelleze,embelleze.com/checkout/
ProEnem,
Grudado,www.grudado.com.br/checkout/cart/
"Voce Constroi",checkout.voceconstroi.com.br/
"RiMO Play",
Projecctus,
"People and Pets",peopleandpets.com.br/checkout/
"MOS Beachwear",mosbeachwear.com.br/carrinho
Sumup,me.sumup.com/pt-br/signup/shop|me.sumup.com/pt-br/shop
"Wood Prime",woodprime.com.br/checkout/#/cart
HeringKids,heringkids.com.br/store/pt/checkout
"Outlet Hering",outletespacociahering.com.br/store/pt/cart
"LF Máquinas e Ferramentas",
"League of Legends - LoL",
"Porto Seguro Viagem",portoseguro.com.br/vendaonline/viagem|portoseguro.com.br/PortoSeguro/SeguroViagem
"Centara Hotels & Resorts",
"Clube Paladar",clubepaladar.com.br/checkout/
Properati,
CZ10,www.cz10.com.br/checkout
"Óticas Ultrafarma",
"Rio Quente Resorts",
"Chronos Store",chronosstore.com.br/checkout/
Autodesk,
Dumond,dumond.com.br/checkout/#/cart
Smartfit,
Foreverliss,foreverliss.com.br/checkout/#/cart
Cinemark,
Singu,
"Playstation Store",
Cinepolis,
maquiADORO,
"Lançador de Ofertas",
Reebok,
Arezzo,
Havaianas,
"Lady Driver",
"Liv Up",
"Honey Be",
"Google Play",
"Aprova Concursos",
"Vision Center",checkout.visioncenter.com.br/
Glovo,
"Oficial Farma",oficialfarma.com.br/meu-carrinho/
Singer,loja.singer.com.br/checkout#/cart
Youse,
Cascafina,cascafina.com.br/?page_id=5
Aruba,
"Yuool Shoes",
"Aniversário Jângal - Nando Reis e Anavitória",
Picpay,
Coinext,
Magnetis,
"Loja Integrada",
Logay,
NutriBullet,nutribulletbrasil.com.br/checkout/#/cart
Mob1.Club,
"Folha Natural",
"Fini Store",
"Editora do Direito",editoradodireito.com.br/checkout/#/cart
PatPat,www.patpat.com/order/cart
"Canal dos Concursos",www.canaldosconcursos.com/cart
Vimeo,
"Passagens Aéreas",passagensaereas.com.br/shop/checkout#
"Loterias Online da Caixa",
"Vinho Fácil",vinhofacil.com.br/checkout/cart/
shopinfo,www.shopinfo.com.br/checkout/#/cart
"Total Acesso Ingressos",
"Souq Store",www.souqstore.com.br/checkout/#/cart
"Panorama Móveis",www.panoramamoveis.com.br/carrinho
Breithaupt,www.breithaupt.com.br/checkout/cart/
WeVans,www.wevans.com.br/checkout/cart
Goodstorage,
"Relógio de Fábrica",www.relogiosdefabrica.com.br/checkout/cart
"Biologia Total",
"Apenas Ana Store",www.apenasanastore.com.br/cart
"Bem Mais Seguro",
"Bom Pra Crédito",
Oumai,www.oumai.com.br/checkout#/cart
"Ci Intercâmbio e Viagens",
"EASY Seguro Viagem",
"Found It",foundit.com.br/checkout/#/cart
"ISIC Brasil",
Klasmé,www.klasme.com/checkout/#/cart
"ELG Store",elgstore.com.br/checkout/
TemÔnibus,
JoyBuy,cart.joybuy.com/cart
"Paris Pass",
"Ônibus Brasil",
Kayak,
"Shop Miss A",www.shopmissa.com/cart
"Creative Cópias",www.creativecopias.com.br/basket/index.aspx
"Hotels Combined",
Waufen,www.waufen.com.br/checkout/#/cart
"Luma Ventura",www.lumaventura.com.br/basket/index.aspx
Balaroti,www.balaroti.com.br/checkout
CyberLink,
Parallels,
"Arte Maníacos",
"Zona Cerealista",www.zonacerealista.com.br/checkout
"Fox Play",
"Dia Delivery",www.dia.com.br/checkout/#/cart
Flexiroam,flexiroam.com.br/loja/
Fantoy,fantoy.com.br/checkout
DotPet,www.dotpet.com.br/index/index/carrinho
Decoreme,www.decoreme.com.br/checkout/
"Good Sam Travel Assist",goodsamtravelassist.com/
"Meu Mercado em Casa",
"Monteverde Investimentos",
Mescla,
"FKV Calçados",www.fkvcalcados.com.br/checkout
Rubinella,loja.rubinella.com.br/checkout
"Loja Ibyte",www.ibyte.com.br/checkout/cart/
Stoodi,
"Mr. Deal",www.mrdeal.app/cart
Leveros,www.leveros.com.br/checkout/
"Espaço Rubro Negro",espacorubronegro.com.br/checkout
"Espaço Laser",
GeraçãoPet,www.geracaopet.com.br/checkout
"Choice Hotels",
"Iridium labs",www.iridiumlabs.com.br/checkout
"America Chip",americachip.com.br/cart/
"Pague Menos",www.paguemenos.com.br/checkout
MMPlace,www.mmplace.com.br/checkout
MacKeeper,
"Liló Fashion",www.lilofashion.com.br/checkout/cart/
"Drogaria Nova Esperança",www.drogarianovaesperanca.com.br/carrinho/
Santista,santistadecora.com.br/checkout
Sodexo,
"Lost Region",
"Milla Cabelos",www.millacabelos.com.br/cart/
WeWork,
Habaut,www.habaut.com.br/carrinho
"Shelby Fit",shelbyfit.com.br/checkout/cart/
Udacity,br.udacity.com/checkout
Foxbit,
Britânia,www.britaniaemcasa.com.br/checkout
Philco,www.philcoclub.com.br/checkout
"2am Gaming",www.2amgaming.com/carrinho
iCarros,
"Xtech Commerce",
"SulAmérica Odonto",
"Mitou Camisetas",mitoucamisetas.com.br/cart/view_cart
Evapolar,br.evapolar.com/cart
"Allianz Assistance",cotacao.allianz-assistance.com.br/
"Cel. Lep Idiomas",
Océane,checkout.oceane.com.br/sacola/
"Go Euro",goeuro.com/
BerryLook,berrylook.com/en/shoppingcart.html/
"Bio Pharmus",biopharmus.com.br/cart/view_cart
"Waze Carpool",
"Net Suprimentos",netsuprimentos.com.br/checkout/
"Duo Gourmet",duogourmet.com.br/cadastro
Unicef,
Coursera,coursera.org/payments/checkout
ShopClub,shopclub.com.br/
FATA,fata.com.br/checkout/#/cart
Vova,vova.com/pt/cart.php
Trainline,thetrainline.com/book/checkout
Bemacash,
Trousseau,trousseau.com.br/checkout#/cart
"Angeloni Super",angeloni.com.br/super/carrinho
Acqio,
Floryday,floryday.com/pt/cart.php
Melitta,melitta.com.br/checkout/#/cart
"Yellow - Bicicletas e Patinetes",
"Meu Chip de Trabalho",loja.meuchipdetrabalho.com/cart/
Trilhardario,pt.trillonario.com/cart_step1.php
Priceline,priceline.com/
"Luisa ViaRoma",luisaviaroma.com/myarea/myCart.aspx
Dremel,loja.ferramentasdremel.com/checkout/#/cart
"Café Fácil",cafefacil.com.br/checkout/cart/
"Kit Led",kitled.com.br/checkout/cart
"Use Orgânico",useorganico.com.br/checkout
